{
            "offerIds":["{OfferID_FP}"],
            "promoCodes":["{PromoCode_FP}"],
               "paymentTypes":[{PaymentType_SP}],
"customerSegments": {
    "segments": [{
        "key": "Loyalty Pilot",
        "value": "true"
      },
      {
        "key": "hasKcc",
        "value": "true"
      },
                                            {
        "key": "associate",
        "value": "true"
      },
                                            {
        "key": "mvc",
        "value": "true"
      },
      {
        "key": "elite",
        "value": "true"
      },
                                            {
        "key": "eliteFreeShipping",
        "value": "true"
      },
                                            {
        "key": "elitepreferredPaymentTypeSet",
        "value": "true"
      },
                                            {
        "key": "eliteCardOnProfile",
        "value": "true"
      }
    ]
  }
}

